0.1361796036362648, -0.4548254357650876, 0.0
0.14039906236575916, -0.6599238570779562, 0.11069063386944182
0.06505490955896676, -0.8888641875237226, 0.11069063386944182
0.022524380940012634, -1.084620056208223, 3.051850947599719e-05
0.12971336528426036, -1.2566905515268445, 0.15811639759514146
0.0918186687049456, -1.4709332501515746, 0.13440351573229165
0.06485772604355589, -1.6759621007367969, 0.09488204596087527
0.0441246175323613, -1.8847001446411014, 0.17789239173558763
0.03263844270259142, -2.1414976874366403, 0.20160527359843744
0.027421328355558217, -2.3835280290804803, 0.20160527359843744
0.023717886011581868, -2.6458858819678426, 0.21346171452986237
0.020105137256905437, -2.867595667950809, 0.21346171452986237
0.01494986069155857, -3.081911416258663, 0.2490310373241371
0.012871401442680508, -3.3147105164825916, 0.2490310373241371
-0.00332069443538785, -3.584431099705398, 0.2490310373241371
-0.01327258936362341, -3.852317957673222, 0.2490310373241371
-0.015491218480747193, -4.14793680049479, 0.2490310373241371
0.0010313786333426833, -4.428816269617528, 0.22531815546128728
0.0611983091221191, -4.71348841721192, 0.22136600848414564
0.1245327522046864, -4.9759958502836525, 0.21346171452986237
0.19415275374194607, -5.216345518827438, 0.20160527359843744
0.26227557560196146, -5.428977117873728, 0.20160527359843744
0.36472983530256897, -5.626904127653688, 0.20160527359843744
0.470363975095097, -5.797123501077294, 0.260887478255562
0.5946940048015676, -5.972927533090115, 0.260887478255562
0.7314302440499887, -6.1783216232433915, 0.260887478255562
0.8727487365831621, -6.426221853587776, 0.24507889034699545
0.9984275594470091, -6.696258974261582, 0.23322244941557055
1.1070354839903302, -6.931152679026127, 0.23322244941557055
1.2094567978638224, -7.143860794603825, 0.22531815546128728
1.3087600742583163, -7.356561953667551, 0.20160527359843744
1.4002764946199022, -7.565550439991057, 0.20160527359843744
1.4902833651285619, -7.752363772131503, 0.23322244941557055
1.6020175997400656, -7.983569148927927, 0.260887478255562
1.7231677995296195, -8.187080801930279, 0.260887478255562
1.8754695712705143, -8.403595495503396, 0.260887478255562
2.019943266583141, -8.634873910807073, 0.22136600848414564
2.161298928782344, -8.866145367268473, 0.22136600848414564
2.3027081826585345, -9.07339750835672, 0.22136600848414564
2.439452745078597, -9.275096294470131, 0.22136600848414564
2.582429278525524, -9.478656629566103, 0.21346171452986237
2.733209166151937, -9.678539075888693, 0.21346171452986237
2.8606573258293793, -9.854350033216178, 0.21346171452986237
2.9896603917586617, -10.032012106850743, 0.21346171452986237
3.1591320652514696, -10.23932684212923, 0.21346171452986237
3.3177936438005418, -10.400426239240915, 0.21346171452986237
3.4796268574427813, -10.537513275630772, 0.21346171452986237
3.6164662672090344, -10.69671633746475, 0.21346171452986237
3.8094593107234687, -10.843111124355346, 0.23322244941557055
4.011860072321724, -10.965507464017719, 0.23322244941557055
4.2080041416338645, -11.097128085792065, 0.23322244941557055
4.399475275538862, -11.226890629623085, 0.23322244941557055
4.612818055145908, -11.33637782651931, 0.2687917722098453
4.857349514553789, -11.442239292897284, 0.2687917722098453
5.117429981823079, -11.566611928865314, 0.2687917722098453
5.307445151440334, -11.650179988704622, 0.2687917722098453
5.506785605917685, -11.746702389791608, 0.2687917722098453
5.702999777975492, -11.846913108136505, 0.2687917722098453
5.88988043111749, -11.937864761799574, 0.2687917722098453
6.15776839456521, -12.056711837183684, 0.2687917722098453
6.346253412484657, -12.127342923544347, 0.2687917722098453
6.537860595388338, -12.196133323479444, 0.2687917722098453
6.740385059034452, -12.263100421987474, 0.2687917722098453
6.936661069979891, -12.335596524644643, 0.2687917722098453
7.126709241594654, -12.404383434448391, 0.2687917722098453
7.322997621668037, -12.471336610615253, 0.2687917722098453
7.522395808016881, -12.54199201753363, 0.2687917722098453
7.723357140086591, -12.61080325813964, 0.2687917722098453
7.925885738804936, -12.675922691822052, 0.2687917722098453
8.129956877906807, -12.748436158057302, 0.2687917722098453
8.337158426526003, -12.815413653850555, 0.2687917722098453
8.55995431705378, -12.8805782799609, 0.2687917722098453
8.799911813228391, -12.940238231793046, 0.2687917722098453
9.049198718275875, -13.011004875879735, 0.2687917722098453
9.289119133318309, -13.087293570395559, 0.2687917722098453
9.508747545653023, -13.174622893333435, 0.2687917722098453
9.723661805037409, -13.278570536524057, 0.2687917722098453
9.940143334504683, -13.378826372791082, 0.2687917722098453
10.180076127173379, -13.449572127312422, 0.2687917722098453
10.420004802639596, -13.52216551406309, 0.2687917722098453
10.658345618168823, -13.607688896823674, 0.2687917722098453
10.896694676484913, -13.689516991842538, 0.2687917722098453
11.119478241889738, -13.760224478319287, 0.2687917722098453
11.329847320565023, -13.805037192068994, 0.2490310373241371
11.548052714730147, -13.831390890292823, 0.2490310373241371
11.760034383099992, -13.85218775831163, 0.2490310373241371
11.970415825082455, -13.891457540914416, 0.2490310373241371
12.17765038763173, -13.943653841502964, 0.2490310373241371
12.380232602939941, -13.984753870405257, 0.2490310373241371
12.587524849746842, -14.011083209887147, 0.2490310373241371
12.807322234730236, -14.022659240756184, 0.2490310373241371
13.031854367582127, -14.008378743659705, 0.24507889034699545
13.234556071751285, -13.995897211134434, 0.260887478255562
13.438792077300604, -13.99450498726219, 0.28460036011841183
13.73507218202576, -13.965603273827583, 0.2687917722098453
13.942500387027394, -13.930960482452065, 0.2687917722098453
14.156172920658719, -13.892636311706156, 0.2687917722098453
14.365156027139165, -13.859844627790153, 0.2687917722098453
14.662966308242176, -13.843879839405417, 0.2687917722098453
14.865639168478083, -13.844331749714911, 0.2687917722098453
15.068316148419399, -13.842936014290899, 0.2490310373241371
15.366118186095264, -13.830666484311223, 0.2490310373241371
15.656075680162758, -13.840551238507032, 0.2490310373241371
15.93821334769018, -13.86150444066152, 0.2490310373241371
16.209446099121124, -13.878738024737686, 0.2490310373241371
16.50404770328896, -13.90341429784894, 0.2490310373241371
16.703532492974773, -13.935269088950008, 0.2490310373241371
16.90302963729482, -13.96158095728606, 0.2490310373241371
17.18670573597774, -13.991775797214359, 0.2490310373241371
17.44857200316619, -14.01453140983358, 0.2490310373241371
17.718262216076255, -14.024370917119086, 0.2490310373241371
17.977076350420248, -14.017557333689183, 0.2490310373241371
18.2452528521535, -14.007069317158312, 0.2490310373241371
18.497851493011694, -13.99100361764431, 0.2490310373241371
18.791005297272932, -13.965790081769228, 0.2490310373241371
19.03271137707634, -13.940461843740195, 0.2490310373241371
19.314993213745765, -13.896747567690909, 0.2490310373241371
19.56143401825102, -13.845562789589167, 0.2490310373241371
19.85311117209494, -13.783392957877368, 0.2490310373241371
20.122978487750515, -13.71378390211612, 0.2490310373241371
20.389748349261936, -13.634929690510035, 0.2687917722098453
20.65340428374475, -13.55422088317573, 0.2687917722098453
20.92957769386703, -13.453215835615993, 0.2687917722098453
21.182365767715964, -13.352158654015511, 0.2687917722098453
21.449238573899493, -13.227113428525627, 0.2687917722098453
21.63498457870446, -13.127754440065473, 0.2687917722098453
21.814519200706854, -13.017295712139457, 0.2687917722098453
21.984695571823977, -12.908663769252598, 0.2687917722098453
22.151758011605125, -12.798177233431488, 0.2687917722098453
22.392193316249177, -12.64351067552343, 0.2687917722098453
22.631098417332396, -12.475907157640904, 0.2687917722098453
22.852878980978858, -12.297179574612528, 0.2687917722098453
23.066905610379763, -12.099958218634129, 0.2687917722098453
23.262261035153642, -11.886066400911659, 0.2687917722098453
23.40135165344691, -11.7348692282103, 0.2687917722098453
23.54510285978904, -11.591073035728186, 0.2687917722098453
23.760700835904572, -11.388312220573425, 0.2727439191869869
23.910684000060428, -11.246377561241388, 0.2806482131412702
24.06847874209052, -11.097069714218378, 0.28460036011841183
24.21689052187139, -10.960674495436251, 0.28460036011841183
24.36220484453952, -10.815034126862884, 0.28460036011841183
24.52157918404555, -10.656491549685597, 0.28460036011841183
24.68250841955887, -10.499800086487085, 0.28460036011841183
24.837201566784643, -10.343094722367823, 0.28460036011841183
24.980973321245983, -10.190060310997069, 0.2925046540726951
25.116970553761348, -10.027770327404141, 0.33202612384411145
25.260783477511723, -9.856259517837316, 0.33202612384411145
25.41085719061084, -9.673676766920835, 0.33202612384411145
25.546936764207203, -9.474433988332748, 0.33202612384411145
25.670614164089784, -9.243753540329635, 0.30831324198126164
25.788055473414715, -9.013059192802757, 0.30831324198126164
25.90553795424057, -8.763888448942453, 0.30831324198126164
26.02924827829702, -8.51842688024044, 0.30831324198126164
26.152925657457672, -8.28774642618373, 0.30831324198126164
26.27967989433091, -8.075549312867224, 0.30831324198126164
26.4048709871131, -7.865196363069117, 0.30831324198126164
26.522258734563366, -7.658521320670843, 0.30831324198126164
26.644319422426634, -7.453704338055104, 0.30831324198126164
26.76639657537453, -7.241496796254069, 0.30831324198126164
26.880711558857, -7.01449076551944, 0.30831324198126164
26.977856720390264, -6.7966847140342, 0.30831324198126164
27.073434621910565, -6.582570464815944, 0.30831324198126164
27.164356044318993, -6.359207595698535, 0.30831324198126164
27.24439313961193, -6.122886928729713, 0.29645680104983674
27.31661042064661, -5.897634726949036, 0.29645680104983674
27.395084368239623, -5.663158224429935, 0.29645680104983674
27.4719910590793, -5.432373525109142, 0.29645680104983674
27.545767352974508, -5.207124795764685, 0.29645680104983674
27.602386182697956, -4.9855331289581954, 0.29645680104983674
27.634073031367734, -4.758342953864485, 0.29645680104983674
27.648602418601513, -4.534809843637049, 0.29645680104983674
27.653752978192642, -4.322341725230217, 0.29645680104983674
27.65581431845203, -4.096933181863278, 0.29645680104983674
27.650064087298233, -3.878897823393345, 0.29645680104983674
27.649019739066716, -3.647939413320273, 0.29645680104983674
27.64641637064051, -3.416977525688708, 0.29645680104983674
27.625108876498416, -3.1841263114474714, 0.29645680104983674
27.597495304537006, -2.982671070843935, 0.2925046540726951
27.56987761874916, -2.7830634685233235, 0.2925046540726951
27.56117816333426, -2.489267942495644, 0.2925046540726951
27.574193820531946, -2.245407323818654, 0.2925046540726951
27.577875946008135, -1.9922876595519483, 0.2925046540726951
27.5753219864564, -1.7391540994867682, 0.2925046540726951
27.56652371463133, -1.489701921120286, 0.2925046540726951
27.5577048563282, -1.2494879416190088, 0.2925046540726951
27.553567175695207, -1.0074367434717715, 0.2925046540726951
27.555694396665785, -0.7524659652262926, 0.2925046540726951
27.55780103057623, -0.5067333858460188, 0.2925046540726951
27.55676492047496, -0.272079695481807, 0.2925046540726951
27.5510558685055, -0.03556794114410877, 0.2925046540726951
27.550027993507683, 0.20278102904558182, 0.2925046540726951
27.548971296811942, 0.4281965233385563, 0.2925046540726951
27.540111267066095, 0.6499341102316976, 0.2925046540726951
27.5266030007042, 0.8846155949868262, 0.2925046540726951
27.506887476192787, 1.1322444532997906, 0.2925046540726951
27.493412153155077, 1.3817070564255118, 0.2925046540726951
27.47992859117221, 1.6274743787944317, 0.2925046540726951
27.455515426350757, 1.865875464398414, 0.2925046540726951
27.421711089322343, 2.0876686391420662, 0.2925046540726951
27.387853227206506, 2.2854424989782274, 0.2925046540726951
27.336916147498414, 2.5146644497290254, 0.32016968291268655
27.24081280158134, 2.764311188366264, 0.32016968291268655
27.1462190701277, 2.991782779339701, 0.32016968291268655
27.075064161792397, 3.243221571203321, 0.32016968291268655
26.982099455723073, 3.5020995615050197, 0.32016968291268655
26.88751809007954, 3.7351140747778118, 0.32016968291268655
26.789777515106834, 3.9496591417118907, 0.32016968291268655
26.724788700812496, 4.169674166478217, 0.32016968291268655
26.675464194151573, 4.422911960165948, 0.32016968291268655
26.633996551274322, 4.703846975695342, 0.32016968291268655
26.55673735338496, 5.014424134045839, 0.32016968291268655
26.488737569074146, 5.282484736293554, 0.32016968291268655
26.419182889629155, 5.552396454382688, 0.32016968291268655
26.324630380782764, 5.798344451002777, 0.32016968291268655
26.22224160603946, 6.025833424180746, 0.3280739768669698
26.122896755405236, 6.220057938247919, 0.3280739768669698
26.025082103617024, 6.401345502119511, 0.3280739768669698
25.90853452438023, 6.5715889246203005, 0.3280739768669698
25.6891534786555, 6.769776260014623, 0.3280739768669698
25.43064049835084, 6.897840159479529, 0.3280739768669698
25.164295370690525, 7.009292685426772, 0.3280739768669698
24.905728868208826, 7.113337287213653, 0.3280739768669698
24.640988068305887, 7.245110386516899, 0.3280739768669698
24.360685913125053, 7.389851718209684, 0.3280739768669698
24.06637730723014, 7.545710166916251, 0.3280739768669698
23.80791790346848, 7.697793424595147, 0.3280739768669698
23.607109250559006, 7.834967004135251, 0.3280739768669698
23.46713526820531, 7.986786182969809, 0.3280739768669698
23.36161207256373, 8.206891578622162, 0.3280739768669698
23.330995896831155, 8.460087691899389, 0.3280739768669698
23.382912979228422, 8.670603927690536, 0.3280739768669698
23.46454201079905, 8.921702209394425, 0.3280739768669698
23.213577113696374, 8.938890423625708, 0.30831324198126164
22.99060041899793, 8.92275858251378, 0.30831324198126164
22.733457103255205, 8.965827661566436, 0.30831324198126164
22.51069044455653, 9.043925449252129, 0.30831324198126164
22.27548870834289, 9.138679796364158, 0.30831324198126164
22.04966167866951, 9.24265149794519, 0.30831324198126164
21.819178191304673, 9.355871825944632, 0.30831324198126164
21.59650627465453, 9.476465342566371, 0.30831324198126164
21.36914495297242, 9.591526371892542, 0.30831324198126164
21.162001450313255, 9.684370552189648, 0.30831324198126164
20.95643756305799, 9.786449461709708, 0.30831324198126164
20.71662058494985, 9.908928865101188, 0.30831324198126164
20.475207526003942, 10.01478299498558, 0.3280739768669698
20.240030544809997, 10.120623229071498, 0.3280739768669698
20.007901584962383, 10.19504664465785, 0.3399456770531327
19.76327988889534, 10.260259673465043, 0.3399456770531327
19.510871340869926, 10.329185364302248, 0.3399456770531327
19.242905569029972, 10.412926932796836, 0.3399456770531327
18.962471775826998, 10.49854395352304, 0.3399456770531327
18.6695781974704, 10.589731705840677, 0.3399456770531327
18.366757956158835, 10.424118424765766, 0.3399456770531327
18.048738846555352, 10.434065666049719, 0.3399456770531327
17.729144242359325, 10.43662583688274, 0.32016968291268655
17.426641169702634, 10.413280828855932, 0.32016968291268655
17.130382404429838, 10.393617205321789, 0.32016968291268655
16.83728286839323, 10.39242303557694, 0.3834192938016907
16.545758828229737, 10.398615954909474, 0.3834192938016907
16.27136339264689, 10.395532450638711, 0.3834192938016907
15.9782391389017, 10.38325246842578, 0.3834192938016907
15.680437829869334, 10.370982924010605, 0.3834192938016907
15.357758147350978, 10.388331239577383, 0.36761070589312417
15.021104976942297, 10.431577803567052, 0.36365855891598253
14.698454133758787, 10.461859615985304, 0.36365855891598253
14.35556901601376, 10.506967750843614, 0.36365855891598253
14.031359159038402, 10.537253059446812, 0.36365855891598253
13.697803435381502, 10.571254520211369, 0.36365855891598253
13.37825415644329, 10.59413886629045, 0.36365855891598253
13.047787632036489, 10.615199918858707, 0.3518021179845576
12.715741489897482, 10.62702625989914, 0.34389782403027436
12.391482198494487, 10.635139951016754, 0.3280739768669698
12.076556414540391, 10.633994594682008, 0.3280739768669698
11.770951778511517, 10.618047272320837, 0.3518021179845576
11.460694804904051, 10.61319622490555, 0.3518021179845576
11.147328038001433, 10.612047421280295, 0.3518021179845576
10.829300701268949, 10.61829961836338, 0.3518021179845576
10.511269241804257, 10.622704183217138, 0.3518021179845576
10.183883673977107, 10.627129622269422, 0.3518021179845576
9.862734178779647, 10.631541162263602, 0.3518021179845576
9.544673874450382, 10.623012283816934, 0.3518021179845576
9.226535273483023, 10.579378261696547, 0.3518021179845576
8.91464098385768, 10.539425621274859, 0.3518021179845576
8.629175824986305, 10.466156366281211, 0.3518021179845576
8.343698296346702, 10.387344202026725, 0.3518021179845576
8.061293470091186, 10.288201054558158, 0.3518021179845576
7.791298964468297, 10.161315504927188, 0.3518021179845576
7.538416563998908, 10.017762954812497, 0.32016968291268655
7.2932633079472, 9.844630790874362, 0.32016968291268655
7.076164129422978, 9.667740759439766, 0.3162175359355449
6.880882956611458, 9.48710676888004, 0.3162175359355449
6.699628822505474, 9.304593845270574, 0.30831324198126164
6.524627238104586, 9.129457572475076, 0.30831324198126164
6.348095478839241, 8.967258257325739, 0.30831324198126164
6.171588444674853, 8.8161447821185, 0.29645680104983674
5.988874179136474, 8.677978699561208, 0.2925046540726951
5.810828720859718, 8.536106905899942, 0.2925046540726951
5.639006969111506, 8.388678286690265, 0.2925046540726951
5.476547563856002, 8.244924082886428, 0.2925046540726951
5.3172103148535825, 8.10301056643948, 0.2925046540726951
5.148498342081439, 7.951879722066224, 0.2925046540726951
4.982920885377098, 7.808132483158261, 0.2925046540726951
4.823550648929086, 7.651437859982252, 0.2925046540726951
4.676636067044456, 7.487324855756015, 0.28460036011841183
4.539046742487699, 7.3102575107477605, 0.28460036011841183
4.410823890124448, 7.1387122184969485, 0.28460036011841183
4.274785331101157, 6.9579461216926575, 0.28460036011841183
4.14343206450576, 6.780864869710058, 0.28460036011841183
4.027664863562677, 6.601901202928275, 0.28460036011841183
3.9196927499142475, 6.422920146025717, 0.28460036011841183
3.8085737394867465, 6.231012568809092, 0.28460036011841183
3.6974835825967602, 6.0520384716801345, 0.28460036011841183
3.5441309097222984, 5.797405059915036, 0.28460036011841183
3.420585077314172, 5.6258493470959365, 0.28460036011841183
3.286121986224316, 5.452470344025642, 0.2727439191869869
3.156331825302914, 5.277233267668635, 0.2687917722098453
3.04055634024553, 5.094574332702905, 0.2687917722098453
2.9356898643891327, 4.910043412819505, 0.2569353312784204
2.832390650175512, 4.729204293806106, 0.2569353312784204
2.7259940018993802, 4.557610330637544, 0.2569353312784204
2.5742085443343967, 4.30666873510927, 0.2569353312784204
2.4115181915694848, 4.059446769300848, 0.2569353312784204
2.2629249576712027, 3.8417557342909276, 0.2569353312784204
2.119000528124161, 3.6203589872457087, 0.2490310373241371
1.9578939052298665, 3.384219388011843, 0.24507889034699545
1.7765200214926153, 3.1481250091455877, 0.24507889034699545
1.6325461063534021, 2.9045565952546895, 0.23322244941557055
1.4761041491292417, 2.662863649893552, 0.23322244941557055
1.3570621655671857, 2.413696668110788, 0.23322244941557055
1.2568891777773388, 2.236545889172703, 0.23322244941557055
1.1472631333163008, 2.015072633046657, 0.23322244941557055
1.028241740888916, 1.7751438529230654, 0.23322244941557055
0.9295247030677274, 1.551798610482365, 0.23322244941557055
0.849536505411379, 1.3376498259603977, 0.23322244941557055
0.7820699301664717, 1.1456448892131448, 0.23322244941557055
0.7114317239029333, 0.9296275954693556, 0.22531815546128728
0.6423484095139429, 0.7117591840215027, 0.22531815546128728
0.5996612459421158, 0.44579301122576, 0.21346171452986237
0.552329998172354, 0.19461838994175196, 0.21346171452986237
0.480149247974623, -0.014004863798618317, 0.21346171452986237
0.4188569010584615, -0.2337383064441383, 0.21346171452986237
0.35131610214011744, -0.4590007518418133, 0.20950956755272074
0.3086577834910713, -0.7120334468781948, 3.051850947599719e-05
0.26455999549943954, -0.9114811150357127, 3.051850947599719e-05
